City_ID,City,Lat,Lng,Max Temp C,Humidity,Cloudiness,Wind Speed,Country,Date
0,DUDINKA,69.4058,86.1778,-0.21,98,100,6.43,RU,1695937428
1,YELLOWKNIFE,62.456,-114.3525,7.29,93,100,2.06,CA,1695937428
2,STANLEY,-51.7,-57.85,7.16,76,26,6.47,FK,1695937429
3,PORT-AUX-FRANCAIS,-49.35,70.2167,1.62,72,28,14.98,TF,1695937429
4,INVERCARGILL,-46.4,168.35,9.45,91,97,6.26,NZ,1695937429
5,KIDAL,18.4411,1.4078,34.31,10,2,2.48,ML,1695937430
6,CIUDAD LAZARO CARDENAS,17.9583,-102.2,30.59,72,40,4.26,MX,1695937430
7,JAMESTOWN,-15.9387,-5.7168,16.27,79,41,6.27,SH,1695937430
8,OLONKINBYEN,70.9221,-8.7187,3.41,90,87,7.96,SJ,1695937431
9,RONGELAP,11.1635,166.8941,28.81,78,100,6.0,MH,1695937431
10,TUBA CITY,36.135,-111.2399,30.21,18,62,0.89,US,1695937432
11,KARMASKALY,54.3709,56.1837,8.95,62,100,3.2,RU,1695937432
12,GRYTVIKEN,-54.2811,-36.5092,0.86,98,100,3.53,GS,1695937432
13,PUERTO NATALES,-51.7236,-72.4875,6.17,78,53,2.79,CL,1695937433
14,EDINBURGH OF THE SEVEN SEAS,-37.0676,-12.3116,11.06,60,78,8.45,SH,1695937433
15,PUNTA ARENAS,-53.15,-70.9167,9.06,57,0,6.17,CL,1695937433
16,ILULISSAT,69.2167,-51.1,1.01,93,75,1.54,GL,1695937434
17,BLACKMANS BAY,-43.0167,147.3167,13.07,82,100,4.07,AU,1695937434
18,NAR'YAN-MAR,67.6713,53.087,0.29,82,47,3.47,RU,1695937435
19,MOUNDOU,8.5667,16.0833,22.85,94,60,1.78,TD,1695937435
20,QAQORTOQ,60.7167,-46.0333,2.29,96,100,0.2,GL,1695937435
21,WAITANGI,-43.9535,-176.5597,8.23,97,100,3.58,NZ,1695937436
22,PUERTO AYORA,-0.7393,-90.3518,27.98,87,72,4.02,EC,1695937436
23,TIKSI,71.6872,128.8694,-2.19,85,100,9.47,RU,1695937436
24,BADGER,64.8,-147.5333,5.76,65,20,0.0,US,1695937437
25,ADAMSTOWN,-25.066,-130.1015,20.84,73,100,8.0,PN,1695937437
26,COLONIA,9.5164,138.1217,28.18,83,100,3.09,FM,1695937437
27,BETHEL,41.3712,-73.414,19.19,76,100,1.54,US,1695937438
28,SELIBABY,15.159,-12.1829,32.21,59,91,5.99,MR,1695937439
29,VILCUN,-38.65,-72.2333,13.41,71,3,3.73,CL,1695937439
30,FISTERRA,42.9049,-9.2629,21.53,98,72,2.49,ES,1695937439
31,LIANHE,47.1333,129.2667,7.46,95,24,1.72,CN,1695937440
32,SAIPAN,15.1355,145.701,26.39,94,100,2.57,MP,1695937440
33,ALOFI,-19.0595,-169.9187,25.94,83,72,2.57,NU,1695937441
34,MEJIT,10.2753,170.8646,28.59,80,63,8.16,MH,1695937441
35,ES CASTELL,39.8795,4.2854,20.38,94,20,1.03,ES,1695937441
36,BROKEN HILL,-31.95,141.4333,18.82,31,0,2.92,AU,1695937442
37,CHIPINGE,-20.1883,32.6236,17.49,84,48,2.22,ZW,1695937442
38,SAINT-PIERRE,46.7654,-56.1695,14.98,72,0,3.09,PM,1695937443
39,WHITEHORSE,60.7161,-135.0538,8.94,90,75,2.06,CA,1695937274
40,CAMPOVERDE,-8.4753,-74.8058,36.83,26,76,1.6,PE,1695937443
41,COAHUAYANA DE HIDALGO,18.7,-103.6583,31.5,70,52,2.76,MX,1695937444
42,ZHANGJIAJIE,29.1294,110.4783,22.28,90,100,1.03,CN,1695937444
43,PITI VILLAGE,13.4626,144.6933,27.49,91,40,1.54,GU,1695937444
44,AVARUA,-21.2078,-159.775,26.03,78,40,9.77,CK,1695937313
45,BREDASDORP,-34.5322,20.0403,14.02,76,87,2.63,ZA,1695937445
46,CONSTANTIA,-34.0314,18.4183,17.23,47,0,1.54,ZA,1695937446
47,ARRAIAL DO CABO,-22.9661,-42.0278,21.92,73,40,7.2,BR,1695937446
48,GADZHIYEVO,69.2551,33.3362,9.18,90,100,3.67,RU,1695937446
49,PORT AUGUSTA,-32.5,137.7667,19.38,32,0,1.25,AU,1695937447
50,TALNAKH,69.4865,88.3972,-0.44,96,100,4.51,RU,1695937447
51,MACUSANI,-14.0833,-70.4333,5.1,90,95,2.47,PE,1695937448
52,ANADYR,64.75,177.4833,4.28,100,100,3.0,RU,1695937448
53,KILIS,36.7161,37.115,24.13,65,0,2.96,TR,1695937448
54,TSIOMBE,-25.3,45.4833,22.95,55,0,2.97,MG,1695937449
55,HAMILTON,32.2915,-64.778,27.02,80,75,2.57,BM,1695937449
56,USHUAIA,-54.8,-68.3,8.81,53,0,7.2,AR,1695937341
57,MORANT BAY,17.8815,-76.4093,29.79,74,33,3.31,JM,1695937450
58,HAWAIIAN PARADISE PARK,19.5933,-154.9731,27.24,87,100,2.57,US,1695937450
59,CHONCHI,-42.6128,-73.8092,10.07,69,82,1.71,CL,1695937451
60,UMLUJ,25.0213,37.2685,30.19,65,53,2.89,SA,1695937451
61,IQALUIT,63.7506,-68.5145,2.85,69,75,3.6,CA,1695937452
62,MANADO,1.487,124.8455,24.43,83,20,2.06,ID,1695937452
63,GOUNDAM,16.4145,-3.6708,36.43,9,36,2.32,ML,1695937452
64,PORT DOUGLAS,-16.4833,145.4667,23.36,71,94,8.06,AU,1695937453
65,MOOSE JAW,50.4001,-105.5344,20.15,34,20,7.72,CA,1695937453
66,LONGYEARBYEN,78.2186,15.6401,-0.09,74,75,11.32,SJ,1695937453
67,PAPATOWAI,-46.5619,169.4708,8.64,92,90,8.38,NZ,1695937454
68,MOUNT PEARL,47.5166,-52.7813,8.86,86,40,4.63,CA,1695937454
69,TOLANARO,-25.0319,46.9987,22.04,88,20,8.23,MG,1695937454
70,SHIMODA,34.6667,138.95,24.5,84,36,4.64,JP,1695937455
71,NEWMAN,-23.3667,119.7333,20.83,18,0,2.45,AU,1695937456
72,MOUNT GAMBIER,-37.8333,140.7667,10.96,50,6,3.0,AU,1695937456
73,AL JAWF,24.1989,23.2909,30.18,15,40,6.32,LY,1695937456
74,DIEPPE,49.75,1.1667,19.1,86,100,0.45,FR,1695937377
75,TAROA,8.7058,171.2275,28.75,80,94,9.13,MH,1695937457
76,PORT ELIZABETH,-33.918,25.5701,16.17,93,20,5.14,ZA,1695937457
77,YUZHNO-KURILSK,44.0306,145.8556,14.14,93,100,2.61,RU,1695937458
78,BOUSSO,10.4795,16.7117,24.25,85,71,2.15,TD,1695937458
79,CHIBOUGAMAU,49.9168,-74.3659,18.79,39,0,2.06,CA,1695937458
80,MARGARET RIVER,-33.95,115.0667,11.8,87,4,2.05,AU,1695937459
81,ALICE SPRINGS,-23.7,133.8833,14.75,44,75,1.03,AU,1695937216
82,TURA,64.2833,100.25,0.57,54,100,1.67,RU,1695937459
83,MIRNYY,62.5353,113.9611,2.91,86,100,3.13,RU,1695937460
84,HORTA,38.5333,-28.6333,20.57,93,94,0.89,PT,1695937460
85,VICUNA,-30.0319,-70.7081,23.21,46,1,2.49,CL,1695937339
86,UTUROA,-16.7333,-151.4333,25.44,78,15,7.98,PF,1695937461
87,GEORGETOWN,-7.9333,-14.4167,23.36,76,63,8.35,SH,1695937461
88,OLA,59.5833,151.2833,3.97,88,78,1.64,RU,1695937461
89,SAINT-JEAN-DE-MAURIENNE,45.1667,6.5833,8.39,79,7,0.54,FR,1695937462
90,VALPARAISO,-33.0393,-71.6273,19.13,62,0,7.2,CL,1695937462
91,WAILUA HOMESTEADS,22.0669,-159.378,28.24,67,20,5.66,US,1695937462
92,HAMMERFEST,70.6634,23.6821,11.25,76,40,1.54,NO,1695937463
93,ATAFU VILLAGE,-8.5421,-172.5159,28.47,77,70,6.87,TK,1695937226
94,SOSNOGORSK,63.6023,53.8817,10.21,95,100,1.96,RU,1695937463
95,ISAFJORDUR,66.0755,-23.124,3.43,96,100,3.74,IS,1695937464
96,KANGDING,30.0513,101.9603,11.84,95,76,0.73,CN,1695937464
97,NECOCHEA,-38.5473,-58.7368,11.95,67,100,4.14,AR,1695937464
98,RIDGECREST,35.6225,-117.6709,32.6,24,0,1.54,US,1695937248
99,YAREN,-0.5472,166.916,28.17,74,44,2.09,NR,1695937465
100,PITIMBU,-7.4706,-34.8086,26.33,76,86,3.08,BR,1695937465
101,PORT MATHURIN,-19.6833,63.4167,22.4,82,88,8.8,MU,1695937466
102,KLYUCHI,52.2667,79.1667,10.63,67,100,1.96,RU,1695937466
103,MISSION,49.1338,-122.3144,16.66,72,75,6.17,CA,1695937466
104,FLYING FISH COVE,-10.4217,105.6791,23.82,88,100,5.14,CX,1695937467
105,PIMENTEL,-6.8367,-79.9342,24.16,64,0,11.32,PE,1695937467
106,LEWISTOWN,40.5992,-77.5714,19.41,80,40,2.57,US,1695937418
107,TRELEW,-43.249,-65.3051,8.44,62,99,7.69,AR,1695937468
108,KODIAK,57.79,-152.4072,9.73,53,0,1.54,US,1695937468
109,KARRATHA,-20.7377,116.8463,26.88,27,57,2.61,AU,1695937468
110,KIRKWALL,58.9848,-2.9587,13.03,88,20,5.66,GB,1695937469
111,KISMAYO,-0.3582,42.5454,25.75,85,9,6.24,SO,1695937469
112,SALINOPOLIS,-0.6136,-47.3561,27.23,74,10,6.02,BR,1695937470
113,NIZHNEUDINSK,54.9076,99.0276,5.4,83,98,1.48,RU,1695937470
114,BARRA DO CORDA,-5.5,-45.25,32.58,29,85,2.65,BR,1695937470
115,THOMPSON,55.7435,-97.8558,18.09,77,100,1.54,CA,1695937471
116,COLLEGE,64.8569,-147.8028,5.81,65,20,0.89,US,1695937471
117,KEFLAVIK,64.0049,-22.5624,7.95,81,40,5.14,IS,1695937471
118,ASTANEH-YE ASHRAFIYEH,37.2596,49.9444,18.48,86,0,1.29,IR,1695937472
119,VUNG TAU,10.346,107.0843,26.69,84,100,3.67,VN,1695937472
120,DEMOPOLIS,32.5176,-87.8364,25.97,65,75,0.0,US,1695937201
121,WENO,7.4515,151.8468,27.97,94,100,3.6,FM,1695937473
122,KITTILA,67.6647,24.8936,9.08,87,0,3.6,FI,1695937473
123,LUDERITZ,-26.6481,15.1594,14.55,74,27,2.95,NA,1695937474
124,EAST LONDON,-33.0153,27.9116,16.55,85,25,2.71,ZA,1695937474
125,ITOMAN,26.1247,127.6694,27.43,96,40,5.14,JP,1695937474
126,MAHAJANGA,-15.7167,46.3167,25.01,44,20,4.12,MG,1695937475
127,WAYNESVILLE,35.4887,-82.9887,24.66,79,71,0.89,US,1695937457
128,JIKAMSHI,12.1733,7.7742,23.09,81,100,5.96,NG,1695937475
129,PEACE RIVER,56.2501,-117.286,10.17,93,100,3.09,CA,1695937269
130,DAKHLA,23.6848,-15.958,21.01,83,80,6.69,EH,1695937476
131,RECANI,31.2846,-4.2688,26.81,23,0,3.8,MA,1695937476
132,STREZHEVOY,60.7333,77.5889,7.2,83,100,2.68,RU,1695937477
133,TABATINGA,-4.2525,-69.9381,35.05,55,20,1.54,BR,1695937477
134,AR RUTBAH,33.0381,40.2848,26.04,28,0,4.51,IQ,1695937477
135,REMIRE-MONTJOLY,4.9167,-52.2667,29.02,70,0,3.6,GF,1695937478
136,TZUCACAB,20.0667,-89.05,31.87,56,95,0.87,MX,1695937478
137,LEBU,-37.6167,-73.65,10.83,79,0,11.87,CL,1695937478
138,MARGATE,-30.8636,30.3705,17.46,82,0,2.67,ZA,1695937479
139,MASTERTON,-40.9597,175.6575,11.05,60,14,3.71,NZ,1695937479
140,VILYUCHINSK,52.9306,158.4028,3.15,54,13,1.67,RU,1695937479
141,KINDIA,10.0569,-12.8658,22.39,97,94,0.74,GN,1695937480
142,BADIYAH,22.45,58.8,25.7,40,3,2.71,OM,1695937480
143,SAN PATRICIO,19.2167,-104.7,35.06,63,75,8.23,MX,1695937480
144,OKHOTSK,59.3833,143.3,6.72,86,6,1.51,RU,1695937481
145,BUKAMA,-9.2,25.85,22.79,84,95,0.95,CD,1695937481
146,ELKO,41.0002,-115.5012,21.52,21,0,5.81,US,1695937481
147,KUUSAMO,65.9667,29.1833,7.02,100,0,1.54,FI,1695937482
148,PORT MORESBY,-9.4431,147.1797,24.68,83,100,5.14,PG,1695937482
149,KASANE,-17.8167,25.15,23.11,36,52,1.2,BW,1695937482
150,ALBANY,-35.0169,117.8917,7.68,96,0,1.23,AU,1695937483
151,DECINES-CHARPIEU,45.7686,4.9598,20.34,76,0,4.63,FR,1695937483
152,HAIKU-PAUWELA,20.9219,-156.3051,31.01,60,20,6.17,US,1695937484
153,PENICHE,39.3558,-9.3811,21.16,92,2,4.32,PT,1695937484
154,ROMA,-26.5833,148.7833,20.63,53,1,6.51,AU,1695937484
155,TALTAL,-25.4,-70.4833,17.18,67,10,2.97,CL,1695937485
156,LAGUNA,-28.4825,-48.7808,17.35,81,25,4.53,BR,1695937237
157,MOREHEAD CITY,34.7229,-76.726,24.02,88,100,6.69,US,1695937486
158,IXTAPA,20.7,-105.2,32.35,79,75,5.14,MX,1695937486
159,CADILLAC,44.2519,-85.4012,19.95,52,40,3.6,US,1695937229
160,EL AIOUN,34.5832,-2.5061,21.56,55,43,1.7,MA,1695937487
161,FUGLAFJORDUR,62.244,-6.814,11.26,91,100,5.98,FO,1695937487
162,ASHGABAT,37.95,58.3833,19.92,30,0,0.0,TM,1695937487
163,ALESUND,62.4723,6.1549,16.29,81,75,8.23,NO,1695937488
164,IOANNINA,39.6675,20.8508,17.73,67,59,1.03,GR,1695937488
165,KONE,-21.0595,164.8658,22.48,56,36,2.47,NC,1695937488
166,BOGUCHANY,58.3814,97.4531,5.47,94,98,1.56,RU,1695937489
167,ISKATELEY,67.6803,53.1512,0.26,82,49,3.42,RU,1695937489
168,INGENIERO JACOBACCI,-41.3427,-69.5448,9.19,41,41,4.65,AR,1695937490
169,SAINT-JOSEPH,-21.3667,55.6167,19.21,77,55,4.63,RE,1695937490
170,KASSALA,15.451,36.4,29.17,49,100,3.99,SD,1695937490
171,AFAAHITI,-17.75,-149.2833,25.93,86,19,8.27,PF,1695937491
172,MUGHAL SARAI,25.3,83.1167,28.04,66,67,0.5,IN,1695937491
173,KRISTIANSUND,63.1115,7.732,15.03,88,75,1.54,NO,1695937491
174,COQUIMBO,-29.9533,-71.3436,15.85,67,20,4.63,CL,1695937396
175,KEMIJARVI,66.7131,27.4306,7.2,94,93,2.47,FI,1695937492
176,LENSK,60.7253,114.9278,3.35,88,99,0.69,RU,1695937427
177,PORT-VILA,-17.7338,168.3219,23.78,60,75,6.17,VU,1695937493
178,YANJIANG,30.1211,104.6481,19.59,93,97,1.35,CN,1695937493
179,ANATUYA,-28.4606,-62.8347,23.75,24,0,4.12,AR,1695937493
180,ACAPULCO DE JUAREZ,16.8634,-99.8901,31.9,66,20,5.66,MX,1695937469
181,SIRTE,31.2089,16.5887,24.37,68,0,3.87,LY,1695937494
182,CAO BANG,22.6667,106.25,22.99,98,100,0.63,VN,1695937495
183,CARNARVON,-24.8667,113.6333,19.33,86,19,6.7,AU,1695937495
184,AROMASHEVO,56.8602,68.6375,6.3,88,8,2.36,RU,1695937495
185,SUMBE,-11.2061,13.8437,22.12,87,25,3.81,AO,1695937496
186,BILIBINO,68.0546,166.4372,-1.81,96,100,0.69,RU,1695937496
187,WALIN,27.9833,83.7667,20.24,90,1,1.87,NP,1695937496
188,GERALDTON,-28.7667,114.6,17.23,94,100,2.06,AU,1695937497
189,UST'-KUT,56.7938,105.7672,4.68,91,93,0.77,RU,1695937498
190,JUNEAU,58.3019,-134.4197,10.23,93,100,1.54,US,1695937293
191,LIHUE,21.9789,-159.3672,28.58,67,20,5.66,US,1695937271
192,KULHUDHUFFUSHI,6.6221,73.07,28.16,78,100,8.5,MV,1695937499
193,SALLANCHES,45.9442,6.6316,18.55,69,5,2.1,FR,1695937499
194,HADIBU,12.65,54.0333,26.56,83,56,4.18,YE,1695937500
195,WEST ISLAND,-12.1568,96.8225,24.99,78,40,8.23,CC,1695937500
196,CALLAWAY,30.153,-85.5699,26.62,77,100,3.6,US,1695937207
197,UTTARKASHI,30.7333,78.45,18.8,61,0,2.66,IN,1695937501
198,ST. JOHN'S,47.5649,-52.7093,9.32,86,40,6.71,CA,1695937482
199,ALAGHSAS,17.0187,8.0168,34.12,11,54,3.09,NE,1695937502
200,SELFOSS,63.9331,-20.9971,6.69,76,84,3.25,IS,1695937502
201,VORGASHOR,67.5833,63.95,-1.18,81,19,5.07,RU,1695937502
202,PAGE,36.9147,-111.4558,28.88,15,0,3.13,US,1695937447
203,TOUROS,-5.1989,-35.4608,24.64,77,86,4.78,BR,1695937503
204,JIWANI,25.05,61.7417,28.61,55,0,2.44,PK,1695937504
205,ARFOUD,31.4348,-4.2375,26.47,24,0,3.72,MA,1695937504
206,ROAD TOWN,18.4167,-64.6167,31.05,74,40,3.09,VG,1695937504
207,KWANG BINH,17.4833,106.6,25.6,91,100,2.45,VN,1695937505
208,ANTIGONISH,45.6169,-61.9986,16.09,89,15,2.35,CA,1695937505
209,KOUROU,5.1552,-52.6478,29.03,78,3,6.25,GF,1695937506
210,BOENDE,-0.2167,20.8667,22.83,85,69,0.88,CD,1695937506
211,LABRADOR CITY,52.9463,-66.9114,16.95,48,40,3.09,CA,1695937209
212,LORENGAU,-2.0226,147.2712,27.45,82,98,4.34,PG,1695937507
213,PETROPAVLOVSK-KAMCHATSKY,53.0452,158.6483,2.33,81,0,4.0,RU,1695937507
214,SHALKAR,47.8288,59.6258,15.88,55,80,3.56,KZ,1695937508
215,FALE OLD SETTLEMENT,-9.3852,-171.2468,28.8,73,24,6.49,TK,1695937508
216,UDACHNY,66.4167,112.4,-3.64,62,28,1.88,RU,1695937508
217,PACIFIC GROVE,36.6177,-121.9166,25.69,76,0,4.92,US,1695937509
218,HAU-RI,41.2006,129.4703,12.96,66,71,2.07,KP,1695937509
219,KUNUNURRA,-15.7667,128.7333,23.99,88,96,2.57,AU,1695937510
220,ONGJIN,37.9347,125.3619,17.9,66,100,1.9,KP,1695937510
221,NADYM,65.5333,72.5167,1.33,87,100,6.23,RU,1695937510
222,PALMER,42.1584,-72.3287,20.34,60,31,0.45,US,1695937368
223,GAGLIANO DEL CAPO,39.8442,18.3695,22.36,70,0,4.16,IT,1695937511
224,NGUIGMI,14.2495,13.1092,31.2,40,13,3.32,NE,1695937511
225,POKHARA,28.2333,83.9833,20.72,64,1,2.9,NP,1695937512
226,MUL,20.0667,79.6667,24.69,92,100,0.64,IN,1695937512
227,TUMKUR,13.3422,77.1017,20.03,95,97,3.78,IN,1695937513
228,JUMLA,29.2747,82.1838,12.02,84,8,1.99,NP,1695937513
229,VAL-D'OR,48.1002,-77.7828,21.05,37,75,4.12,CA,1695937356
230,QUELLON,-43.1167,-73.6167,8.7,68,55,4.68,CL,1695937514
231,KADOM,54.5592,42.4675,11.3,68,21,3.42,RU,1695937514
232,DALANDZADGAD,43.5708,104.425,4.33,66,0,3.34,MN,1695937397
233,IWON-UP,40.3231,128.6553,16.28,60,100,3.12,KP,1695937515
234,PORT ALFRED,-33.5906,26.891,14.54,95,14,0.45,ZA,1695937515
235,ARICA,-18.475,-70.3042,19.75,72,75,6.17,CL,1695937511
236,NAGQU,31.5,92.0,0.58,89,76,1.7,CN,1695937516
237,KASONGO,-4.45,26.6667,20.41,95,100,0.58,CD,1695937516
238,HERMANUS,-34.4187,19.2345,16.88,72,91,4.52,ZA,1695937517
239,TRALEE,52.2704,-9.7026,11.87,92,12,4.52,IE,1695937517
240,AMAHAI,-3.3333,128.9167,24.47,85,70,1.05,ID,1695937517
241,KHASAB,26.1799,56.2477,30.12,45,0,0.73,OM,1695937518
242,EL GRANADA,37.5027,-122.4694,29.34,67,0,8.75,US,1695937518
243,AASIAAT,68.7098,-52.8699,1.25,93,100,1.87,GL,1695937518
244,MANGGAR,-2.8833,108.2667,27.51,76,61,5.83,ID,1695937519
245,KAMPONG THOM,12.7111,104.8887,24.22,88,100,1.16,KH,1695937519
246,QAMDO,31.1667,97.2333,2.28,76,10,0.72,CN,1695937520
247,BUALA,-8.145,159.5921,27.1,83,97,3.31,SB,1695937520
248,PEMANGKAT,1.1667,108.9667,25.82,86,80,0.41,ID,1695937520
249,KERIKERI,-35.2268,173.9474,15.51,74,5,1.34,NZ,1695937521
250,PAKA,4.6374,103.4368,25.96,94,56,0.0,MY,1695937521
251,TAULAGA,-11.0553,-171.0883,28.06,77,14,5.81,AS,1695937521
252,BAMBOO FLAT,11.7,92.7167,26.05,89,100,3.6,IN,1695937522
253,CILL AIRNE,52.05,-9.5167,10.18,97,30,2.8,IE,1695937522
254,OMIS,43.4447,16.6886,20.96,53,0,2.98,HR,1695937522
255,MPIGI,0.225,32.3136,18.26,89,2,0.46,UG,1695937523
256,CARBONEAR,47.7332,-53.2148,9.52,84,15,4.97,CA,1695937523
257,FERNIE,49.5,-115.0687,10.38,81,92,2.19,CA,1695937523
258,CANNONVALE,-20.2833,148.7,22.66,66,25,7.59,AU,1695937524
259,SUYA,9.4667,3.1833,22.88,96,77,2.0,NG,1695937524
260,BOA VISTA,2.8197,-60.6733,34.99,46,20,3.6,BR,1695937241
261,TABOU,4.423,-7.3528,25.13,91,16,3.57,CI,1695937525
262,TIONK ESSIL,12.7856,-16.5217,27.98,85,99,2.3,SN,1695937525
263,LABYTNANGI,66.6572,66.4183,0.2,81,100,5.13,RU,1695937526
264,CABO SAN LUCAS,22.8909,-109.9124,36.45,66,0,3.6,MX,1695937450
265,VADSO,70.0744,29.7487,8.49,100,100,0.0,NO,1695937526
266,SEVERO-YENISEYSKIY,60.3725,93.0408,4.82,93,100,2.77,RU,1695937527
267,OODWEYNE,9.4092,45.064,26.38,52,70,4.78,SO,1695937527
268,BANGAON,23.0667,88.8167,27.46,84,97,2.14,IN,1695937357
269,NOVA VICOSA,-17.8919,-39.3719,24.43,87,49,5.33,BR,1695937528
270,FORTUNA,40.5982,-124.1573,19.96,64,0,7.2,US,1695937528
271,YERMAKOVSKOYE,53.2831,92.4003,5.64,74,99,1.09,RU,1695937529
272,RIKAZE,29.25,88.8833,9.61,59,5,1.74,CN,1695937529
273,QUATRE COCOS,-20.2078,57.7625,22.06,74,7,6.81,MU,1695937530
274,NOVAYA IGIRMA,57.1334,103.9112,4.03,88,43,1.42,RU,1695937534
275,BERDIGESTYAKH,62.0989,126.6992,1.65,93,66,2.51,RU,1695937538
276,NISHINOOMOTE,30.7333,131.0,25.86,72,0,3.89,JP,1695937539
277,VILLA GESELL,-37.2639,-56.973,14.47,73,100,5.64,AR,1695937306
278,OUANI,-12.1322,44.4258,25.03,79,4,4.48,KM,1695937539
279,NAMDRIK,5.5994,168.1028,28.11,80,98,3.84,MH,1695937540
280,HOA BINH,20.8133,105.3383,23.94,97,98,1.08,VN,1695937540
281,AYKHAL,66.0,111.5,-4.14,53,64,2.38,RU,1695937540
282,KOSH-AGACH,50.0,88.6667,-4.65,89,48,0.76,RU,1695937541
283,BALERNO,55.8844,-3.3398,13.69,85,20,6.17,GB,1695937541
284,ARTECHE,12.2645,125.4048,25.32,93,38,2.28,PH,1695937541
285,GRAND FALLS-WINDSOR,48.9332,-55.6649,9.72,72,1,1.57,CA,1695937542
286,TINDOUF,27.6711,-8.1474,33.25,15,0,5.14,DZ,1695937542
287,VALLE NACIONAL,17.7833,-96.3167,31.87,54,56,2.25,MX,1695937542
288,MITSAMIOULI,-11.3847,43.2844,25.02,81,7,4.38,KM,1695937543
289,CROSSETT,33.1282,-91.9612,32.06,33,1,1.43,US,1695937299
290,XILIN HOT,43.9667,116.0333,9.39,29,0,9.65,CN,1695937543
291,HASAKI,35.7333,140.8333,24.22,77,53,6.96,JP,1695937544
292,FARAFANGANA,-22.8167,47.8333,20.71,88,87,3.35,MG,1695937544
293,FORT BRAGG,35.139,-79.006,24.32,69,60,1.79,US,1695937544
294,GUERRERO NEGRO,27.9769,-114.0611,23.9,57,1,6.4,MX,1695937545
295,RIBEIRA GRANDE,38.5167,-28.7,20.99,93,91,0.89,PT,1695937545
296,KHILOK,51.3674,110.4676,6.05,90,99,1.29,RU,1695937545
297,MOZHGA,56.4447,52.2276,10.98,81,100,3.73,RU,1695937546
298,LAS LAJITAS,-24.6833,-64.25,23.1,32,14,1.61,AR,1695937546
299,COBIJA,-11.0267,-68.7692,31.1,66,75,4.12,BO,1695937547
300,WAITARA,-38.925,174.25,13.61,66,53,10.12,NZ,1695937547
301,COLESBERG,-30.72,25.0972,16.21,37,0,2.36,ZA,1695937547
302,UTRIK,11.2278,169.8474,28.79,78,78,7.67,MH,1695937548
303,HIRARA,24.8,125.2833,27.15,100,75,4.63,JP,1695937548
304,HARSTAD,68.799,16.5293,12.11,71,100,5.36,NO,1695937549
305,TRONDHEIM,63.4305,10.3951,16.03,81,100,0.27,NO,1695937549
306,SVETLYY,54.675,20.1347,17.03,59,66,4.07,RU,1695937549
307,NAMIBE,-15.1961,12.1522,19.93,85,95,3.89,AO,1695937550
308,SHIBATA,37.95,139.3333,20.67,87,71,1.76,JP,1695937550
309,STAVERN,59.0,10.0333,15.66,93,100,8.33,NO,1695937550
310,SANTA COLOMA DE FARNERS,41.8667,2.6667,21.95,88,0,0.0,ES,1695937551
311,HENGCHUN,22.0042,120.7439,27.44,75,0,2.55,TW,1695937551
312,OUARZAZAT,30.9189,-6.8934,29.16,16,0,2.57,MA,1695937551
313,UST-NERA,64.5667,143.2,2.68,98,99,3.11,RU,1695937552
314,LA'IE,21.6477,-157.9253,30.98,68,0,2.24,US,1695937552
315,MALVAN,16.0667,73.4667,25.67,91,92,5.72,IN,1695937552
316,BETIO VILLAGE,1.358,172.9211,25.02,83,100,6.96,KI,1695937553
317,SALEKHARD,66.53,66.6019,0.2,82,100,5.55,RU,1695937553
318,PLETTENBERG BAY,-34.0527,23.3716,16.33,73,0,1.48,ZA,1695937554
319,SAN PEDRO POCHUTLA,15.7333,-96.4667,33.84,64,61,3.08,MX,1695937554
320,HURGHADA,27.2574,33.8129,34.02,10,0,4.12,EG,1695937554
321,KAPA'A,22.0752,-159.319,28.99,67,20,5.66,US,1695937341
322,KAPUSKASING,49.4169,-82.4331,21.05,32,0,3.6,CA,1695937555
323,SHUSHTAR,32.0455,48.8567,30.97,18,0,1.14,IR,1695937555
324,ZEYA,53.75,127.2667,6.06,84,88,2.54,RU,1695937556
325,RADUZHNY,62.0961,77.475,6.7,97,97,2.88,RU,1695937556
326,DALNERECHENSK,45.9339,133.7225,9.96,90,4,2.46,RU,1695937557
327,UJAE,8.9322,165.7642,28.91,77,100,4.93,MH,1695937557
328,MARTAPURA,-3.4167,114.85,22.05,88,62,0.0,ID,1695937558
329,MPOPHOMENI,-29.5682,30.1862,11.23,96,75,1.31,ZA,1695937558
330,USOGORSK,63.4106,48.6872,9.4,96,100,2.84,RU,1695937559
331,TOBRUK,32.0836,23.9764,23.96,77,0,2.5,LY,1695937559
332,PALIKIR - NATIONAL GOVERNMENT CENTER,6.9248,158.1611,28.47,83,75,1.54,FM,1695937559
333,VILA VELHA,-20.3297,-40.2925,22.97,81,100,9.77,BR,1695937422
334,ANDERGROVE,-21.0833,149.1833,23.69,67,38,5.94,AU,1695937560
335,KOTIDO,2.9806,34.1331,23.99,50,14,5.53,UG,1695937560
336,SCARBOROUGH,11.1833,-60.7333,30.55,74,20,2.57,TT,1695937561
337,SAINT-PIERRE,-21.3393,55.4781,19.82,73,0,1.54,RE,1695937561
338,EL NIDO,11.1858,119.3956,27.2,81,83,3.13,PH,1695937562
339,NEW NORFOLK,-42.7826,147.0587,13.72,90,98,3.4,AU,1695937562
340,PORT LINCOLN,-34.7333,135.8667,17.01,46,0,3.32,AU,1695937562
341,PARKES,-33.1333,148.1833,21.31,46,0,0.82,AU,1695937563
342,SALDANHA,-33.0117,17.9442,15.03,54,65,2.3,ZA,1695937563
343,GAROOWE,8.4054,48.4845,26.21,71,48,6.63,SO,1695937563
344,PANADURA,6.7132,79.9026,25.63,88,100,4.47,LK,1695937564
345,WALVIS BAY,-22.9575,14.5053,12.83,94,26,3.09,NA,1695937564
346,PIERRE,44.3683,-100.351,25.51,61,0,5.66,US,1695937564
347,MOUNT ISA,-20.7333,139.5,20.87,37,3,0.0,AU,1695937565
348,AMBALAVAO,-21.8333,46.9333,14.84,86,81,2.09,MG,1695937565
349,USHIBUKAMACHI,32.1906,130.0228,23.8,78,0,2.36,JP,1695937566
350,DUNEDIN,-45.8742,170.5036,13.37,63,81,1.79,NZ,1695937566
351,STEINBACH,49.5258,-96.6845,21.51,62,100,6.62,CA,1695937505
352,VIEDMA,-40.8135,-62.9967,9.16,80,59,8.16,AR,1695937567
353,DINGUIRAYE,11.3,-10.7167,21.47,91,96,4.3,GN,1695937567
354,EMERALD,-23.5333,148.1667,20.19,70,4,5.56,AU,1695937567
355,MAREEBA,-17.0,145.4333,21.4,77,35,4.3,AU,1695937568
356,HITHADHOO,-0.6,73.0833,27.64,76,62,5.12,MV,1695937568
357,SEASIDE,36.6111,-121.8516,25.84,74,0,4.63,US,1695937438
358,MONROVIA,6.3005,-10.7969,25.87,87,30,3.27,LR,1695937442
359,COCKBURN TOWN,21.4612,-71.1419,29.14,74,1,6.23,TC,1695937570
360,KIRS,59.3388,52.2447,10.48,95,100,3.74,RU,1695937570
361,XINYUAN,37.3,99.0,0.47,54,0,1.42,CN,1695937570
362,ZNAMENSKOYE,57.1281,73.8282,7.53,96,91,2.09,RU,1695937571
363,NIZHNESORTYMSKIY,62.4397,71.7603,7.53,86,97,2.76,RU,1695937571
364,PIACABUCU,-10.4056,-36.4344,24.87,80,20,5.96,BR,1695937571
365,MIDOUN,33.8081,10.9923,21.92,68,10,3.55,TN,1695937572
366,SAN RAFAEL DEL YUMA,18.4299,-68.6739,33.11,69,52,4.34,DO,1695937572
367,SKIATHOS,39.1623,23.4909,19.98,72,100,3.96,GR,1695937573
368,MIRNY,62.5353,113.9611,2.91,86,100,3.13,RU,1695937573
369,LESNIKOVO,55.2822,65.3175,12.1,76,100,2.85,RU,1695937574
370,BATTICALOA,7.7102,81.6924,26.23,76,100,0.82,LK,1695937574
371,KINGSTON,-29.0546,167.9663,18.23,59,100,5.66,NF,1695937574
372,PANDHARPUR,17.6667,75.3333,24.72,87,100,1.07,IN,1695937575
373,ITAITUBA,-4.2761,-55.9836,32.09,66,20,0.25,BR,1695937575
374,KLAKSVIK,62.2266,-6.589,11.51,94,100,7.49,FO,1695937575
375,YUXIA,34.0615,108.6291,15.34,93,100,0.73,CN,1695937576
376,CONCEICAO DA BARRA,-18.5933,-39.7322,23.81,78,94,7.06,BR,1695937576
377,AIOUN,16.6614,-9.6149,36.9,13,46,1.87,MR,1695937576
378,ONGUDAY,50.75,86.15,2.3,77,45,1.62,RU,1695937577
379,ROUISSAT,31.9243,5.3502,26.04,38,0,2.57,DZ,1695937577
380,HUARMEY,-10.0681,-78.1522,20.63,82,50,4.21,PE,1695937577
381,USINSK,65.9939,57.5281,2.18,80,85,6.98,RU,1695937578
382,SARAKHS,36.5449,61.1577,17.05,34,0,3.43,IR,1695937578
383,INARI,68.906,27.0288,7.11,97,100,1.96,FI,1695937579
384,CAMANA,-16.6228,-72.7111,18.28,85,83,5.11,PE,1695937579
385,KHADYZHENSK,44.4256,39.5319,16.01,70,62,0.38,RU,1695937580
386,PRAIA DA VITORIA,38.7333,-27.0667,21.53,100,75,3.58,PT,1695937580
387,SOUILLAC,-20.5167,57.5167,22.21,83,40,2.57,MU,1695937580
388,PRAYA,-8.7054,116.2704,21.92,94,40,0.0,ID,1695937581
389,SAINT-PHILIPPE,-21.3585,55.7679,19.77,81,61,4.45,RE,1695937581
390,URAY,60.1247,64.7758,11.04,76,97,2.24,RU,1695937581
391,CHAMPERICO,14.3,-91.9167,33.3,70,90,3.55,GT,1695937582
392,DALBANDIN,28.8947,64.4101,22.56,19,2,1.55,PK,1695937582
393,SANTA TEREZINHA,-29.9002,-50.0904,17.04,81,37,8.4,BR,1695937583
394,SWEETWATER,25.7634,-80.3731,31.0,74,40,2.06,US,1695937583
395,PUNTA DEL ESTE,-34.9667,-54.95,18.06,90,20,3.6,UY,1695937313
396,ITAMARACA,-7.7478,-34.8256,27.03,77,77,2.76,BR,1695937584
397,PANDAN,14.0453,124.1694,27.48,84,99,2.5,PH,1695937584
398,MIYALY,48.8844,53.7836,13.71,48,0,2.99,KZ,1695937585
399,BENIN CITY,6.335,5.6275,23.77,97,100,1.1,NG,1695937383
400,KETCHIKAN,55.3422,-131.6461,13.26,71,0,4.63,US,1695937585
401,KENDARI,-3.945,122.4989,21.19,91,47,1.56,ID,1695937586
402,UPINGTON,-28.4478,21.2561,16.21,21,0,3.09,ZA,1695937586
403,DEQEN,29.9618,90.7188,6.66,84,6,1.74,CN,1695937586
404,SPRINGFIELD,37.2153,-93.2982,31.96,52,0,2.06,US,1695937394
405,AS SULAYYIL,20.4607,45.5779,30.14,18,1,1.21,SA,1695937587
406,QUILLACOLLO,-17.4,-66.2833,32.04,14,20,2.06,BO,1695937587
407,AD DILAM,23.9915,47.1627,30.23,13,1,1.94,SA,1695937588
408,POINTE AUX PIMENTS,-20.0628,57.5131,22.31,75,8,7.73,MU,1695937588
409,COCHIN,9.9399,76.2602,26.68,88,100,1.43,IN,1695937589
410,POLYARNYY,69.1989,33.4478,9.39,90,100,3.75,RU,1695937589
411,ANCUD,-41.8697,-73.8203,9.31,67,93,1.31,CL,1695937590
412,NANTAI,40.9241,122.8044,14.4,44,46,3.09,CN,1695937590
413,BOUZNIKA,33.7894,-7.1597,21.93,88,9,1.54,MA,1695937590
414,KAILUA-KONA,19.6406,-155.9956,30.71,70,0,4.12,US,1695937591
415,PALMAS,-10.2128,-48.3603,24.93,94,75,2.06,BR,1695937591
416,LE VAUCLIN,14.5452,-60.8388,31.03,74,0,2.06,MQ,1695937592
417,LUBANG,13.8584,120.124,28.25,78,47,2.68,PH,1695937592
418,DOLORES,12.0371,125.4825,25.41,91,55,1.82,PH,1695937592
419,HAILAR,49.2,119.7,6.05,64,74,1.91,CN,1695937593
420,KARGASOK,59.0556,80.8572,6.03,91,100,1.93,RU,1695937593
421,VORKUTA,67.5,64.0,-1.21,82,13,5.23,RU,1695937593
422,NIZHNEANGARSK,55.7833,109.55,7.04,71,93,1.91,RU,1695937594
423,NELSON BAY,-32.7167,152.15,17.78,93,7,2.68,AU,1695937594
424,JIAYUGUAN,39.8167,98.3,9.27,42,0,2.05,CN,1695937595
425,FORT FRANCES,48.5999,-93.4003,19.12,72,100,4.63,CA,1695937595
426,TAOUDENNI,22.6783,-3.9836,36.18,14,16,10.09,ML,1695937596
427,LA RONGE,55.1001,-105.2842,16.12,59,75,2.57,CA,1695937596
428,LOMPOC,34.6391,-120.4579,28.34,71,20,3.6,US,1695937596
429,JACKSON,42.4165,-122.8345,20.51,47,0,2.57,US,1695937521
430,MANGROL,21.1167,70.1167,27.23,84,91,2.99,IN,1695937597
431,KHARP,66.8014,65.8081,0.12,92,100,1.3,RU,1695937597
432,TARRAFAL,15.2833,-23.7667,27.44,82,85,5.56,CV,1695937598
433,HOPE,33.6671,-93.5916,33.32,35,0,1.22,US,1695937347
434,DARU,-9.0763,143.2092,25.21,83,76,7.77,PG,1695937598
435,CABEDELO,-6.9811,-34.8339,26.37,76,83,3.5,BR,1695937599
436,ISHPEMING,46.4885,-87.6676,18.3,83,76,2.33,US,1695937599
437,YAHOTYN,50.2798,31.7625,15.36,56,1,3.23,UA,1695937600
438,LUQUILLO,18.3725,-65.7166,30.96,83,75,4.12,PR,1695937600
439,OKUCHI-SHINOHARA,32.0667,130.6167,19.38,93,6,0.8,JP,1695937600
440,LAZARO CARDENAS,17.9583,-102.2,30.59,72,40,4.26,MX,1695937430
441,OLYOKMINSK,60.3736,120.4264,5.6,75,100,0.34,RU,1695937601
442,SITKA,57.0531,-135.33,11.94,71,75,0.0,US,1695937601
443,TAZACORTE,28.629,-17.9293,23.54,81,40,5.14,ES,1695937602
444,LHOKSEUMAWE,5.1801,97.1507,25.84,85,98,2.17,ID,1695937602
445,SELKIRK,50.1436,-96.8845,21.16,86,100,6.77,CA,1695937602
446,URUCURITUBA,-2.6833,-57.6667,32.74,41,74,2.19,BR,1695937603
447,MOTYGINO,58.1831,94.7592,4.96,90,100,0.97,RU,1695937603
448,EGILSSTADIR,65.2653,-14.3948,3.95,93,100,7.2,IS,1695937603
449,SUSUMAN,62.7833,148.1667,0.53,91,91,2.09,RU,1695937604
450,PURCELL,35.0137,-97.3611,34.16,38,0,4.36,US,1695937604
451,KHOVD,48.0056,91.6419,0.12,65,42,2.86,MN,1695937604
452,ISANGEL,-19.55,169.2667,22.65,59,13,7.54,VU,1695937605
453,IZHMORSKIY,56.194,86.6414,7.0,92,100,2.6,RU,1695937605
454,SALALAH,17.0151,54.0924,27.05,78,0,2.06,OM,1695937606
455,ZHANGATAS,43.5667,69.75,13.46,50,3,1.95,KZ,1695937606
456,SOVETSKOYE,52.2861,85.4131,8.16,81,100,0.8,RU,1695937606
457,GHANZI,-21.5667,21.7833,18.18,16,0,3.49,BW,1695937607
458,NKHOTAKOTA,-12.9274,34.2961,24.68,60,20,1.56,MW,1695937607
459,PRIMERO DE MAYO,18.4626,-96.3458,30.58,70,95,2.57,MX,1695937608
460,IGARKA,67.4667,86.5833,-0.35,96,100,7.19,RU,1695937608
461,JOSHUA TREE,34.1347,-116.3131,33.02,15,0,4.92,US,1695937609
462,DOBRYANKA,58.4619,56.4165,10.43,86,100,3.77,RU,1695937609
463,MUGIA,43.1041,-9.2179,21.62,96,68,2.03,ES,1695937609
464,PUERTO AYSEN,-45.4,-72.7,6.41,99,65,1.5,CL,1695937610
465,ATI,13.2154,18.3353,27.44,65,60,6.43,TD,1695937610
466,KUALA BELAIT,4.5833,114.1833,26.09,85,84,1.71,BN,1695937440
467,NEMURO,43.3236,145.575,15.51,84,94,2.79,JP,1695937611
468,FUENTE OBEJUNA,38.2667,-5.4167,24.28,34,19,0.93,ES,1695937611
469,BURANG,30.25,81.1667,3.7,61,3,1.75,CN,1695937611
470,MAKOUA,0.0069,15.6333,22.5,97,100,1.33,CG,1695937612
471,IVANOVSKOYE,44.5795,41.8764,16.5,46,32,7.88,RU,1695937612
472,HAMI,42.8,93.45,14.7,20,2,3.06,CN,1695937612
473,PONT ROUGE,48.8833,-72.0825,17.16,71,0,1.61,CA,1695937613
474,ATTAPEU,14.8,106.8333,22.74,98,86,0.5,LA,1695937613
475,MOLDE,62.7375,7.1591,15.99,88,75,3.09,NO,1695937490
476,ACONIBE,1.2968,10.9369,20.45,99,100,0.33,GQ,1695937614
477,KHOLMSK,47.0511,142.0569,14.14,94,70,2.18,RU,1695937614
478,MONASTYRYSHCHE,48.9909,29.8047,15.23,47,0,3.48,UA,1695937615
479,ABEPURA,-2.6333,140.5833,24.45,88,20,1.03,ID,1695937615
480,LUIS CORREIA,-2.8792,-41.6669,28.0,74,0,6.69,BR,1695937615
481,ESCARCEGA,18.6089,-90.7454,27.28,92,83,1.61,MX,1695937616
482,SAN JULIAN,-17.7833,-62.8667,26.6,34,4,2.2,BO,1695937616
483,TYUP,42.7276,78.3648,9.46,71,96,0.82,KG,1695937616
484,PANGKALANBUUN,-2.6833,111.6167,23.24,92,91,0.95,ID,1695937617
485,WAAJID,3.8096,43.2463,24.7,73,20,8.4,SO,1695937617
486,HOWARD SPRINGS,-12.497,131.047,23.95,75,98,1.99,AU,1695937617
487,GOBA,7.0167,39.9833,9.44,77,12,2.26,ET,1695937618
488,GMUNDEN,47.9189,13.7975,14.04,81,5,1.67,AT,1695937618
489,GULF SHORES,30.246,-87.7008,26.3,66,20,3.6,US,1695937577
490,BANI MAZAR,28.5036,30.8004,30.59,19,0,4.73,EG,1695937619
491,AL AAROUI,35.0118,-3.0045,21.14,94,75,0.51,MA,1695937619
492,LAOJUNMIAO,39.8333,97.7333,7.97,37,0,1.95,CN,1695937619
493,LA MANGA DEL MAR MENOR,37.6413,-0.7165,22.45,87,0,1.54,ES,1695937620
494,MINAS DE MARCONA,-15.2119,-75.1103,15.51,76,24,7.39,PE,1695937620
495,KOSCIUSKO,33.0576,-89.5876,27.79,36,12,3.11,US,1695937621
496,TOLIARA,-23.35,43.6667,22.49,83,0,2.43,MG,1695937621
497,MAZAGAO,-0.115,-51.2894,31.03,60,52,4.33,BR,1695937621
498,VILJANDI,58.3639,25.59,14.09,87,13,2.52,EE,1695937622
499,ULAANGOM,49.9811,92.0667,4.52,62,99,1.51,MN,1695937622
500,CIMARRON HILLS,38.8586,-104.6989,28.91,17,0,5.14,US,1695937622
501,BEYNEU,45.3167,55.2,16.47,47,0,3.86,KZ,1695937623
502,JAYAPURA,-2.5333,140.7,24.66,91,100,1.91,ID,1695937623
503,VILA FRANCA DO CAMPO,37.7167,-25.4333,24.93,99,47,3.52,PT,1695937623
504,URUMQI,43.801,87.6005,10.53,47,0,2.0,CN,1695937624
505,FORT MCMURRAY,56.7268,-111.381,10.73,87,100,5.14,CA,1695937618
506,TADO,5.266,-76.5649,27.9,97,100,1.44,CO,1695937624
507,ENEWETAK,11.3474,162.3373,28.97,76,38,5.05,MH,1695937625
508,SUOYARVI,62.0833,32.35,9.16,97,98,1.8,RU,1695937625
509,ANKANG,32.68,109.0172,17.13,97,100,0.95,CN,1695937626
510,GHAT,24.9647,10.1728,28.37,24,81,1.85,LY,1695937626
511,AIRUK,7.2772,168.8203,28.64,79,91,6.12,MH,1695937626
512,SPRING CREEK,40.7266,-115.5859,21.56,20,0,5.64,US,1695937627
513,GAGARIN,55.5529,34.9954,12.49,76,8,2.71,RU,1695937627
514,KOLOSOVKA,56.4678,73.611,6.67,94,55,2.56,RU,1695937627
515,KOMADI,47.0,21.5,16.42,42,9,1.84,HU,1695937628
516,NCHELENGE,-9.3451,28.734,23.23,77,90,3.57,ZM,1695937628
517,PISCO,-13.7,-76.2167,21.03,68,0,8.23,PE,1695937628
518,BIKENIBEU VILLAGE,1.3673,173.1241,24.98,94,100,3.6,KI,1695937629
519,ATBARA,17.7022,33.9864,37.02,23,99,1.76,SD,1695937629
520,AWJILAH,29.1081,21.2869,24.54,54,1,5.9,LY,1695937630
521,BRIA,6.5423,21.9863,21.31,96,100,0.2,CF,1695937630
522,SAN CARLOS DEL ZULIA,9.0,-71.9135,30.79,65,35,4.43,VE,1695937631
523,GREYMOUTH,-42.4667,171.2,10.5,94,100,7.26,NZ,1695937631
524,AYORA,39.0585,-1.0563,18.38,66,8,1.29,ES,1695937631
525,AMBODIFOTATRA,-16.9833,49.85,23.81,75,66,6.93,MG,1695937632
526,MOGOCHA,53.7333,119.7667,2.54,84,22,1.73,RU,1695937632
527,THINADHOO,0.5333,72.9333,27.71,76,9,5.26,MV,1695937633
528,PORT SUDAN,19.6175,37.2164,29.94,75,1,0.82,SD,1695937633
529,CHOMA,-16.8065,26.9531,22.34,44,82,1.28,ZM,1695937634
530,MARABBA,12.35,32.1833,28.0,64,79,4.11,SD,1695937634
531,KYREN,51.6828,102.1408,3.16,84,11,0.95,RU,1695937634
532,THUNDER BAY,48.4001,-89.3168,17.95,72,75,5.14,CA,1695937635
533,ARAC,41.2422,33.3277,14.49,84,63,0.83,TR,1695937635
534,SANTA ANA,-12.8667,-72.7167,24.27,70,81,1.25,PE,1695937635
535,HOTAN,37.0997,79.9269,14.78,24,0,0.87,CN,1695937636
536,WAKKANAI,45.4094,141.6739,17.83,87,2,0.89,JP,1695937636
537,OAMARU,-45.0784,170.9801,11.72,57,97,5.37,NZ,1695937636
538,VANIMO,-2.6741,141.3028,25.37,92,100,2.79,PG,1695937637
539,CASTANOS,26.7833,-101.4167,35.75,24,40,0.0,MX,1695937637
540,SAINT CROIX,17.7397,-64.7388,30.25,83,40,4.63,VI,1695937637
541,MACHICO,32.7,-16.7667,24.35,77,40,5.66,PT,1695937638
542,ORMARA,25.2088,64.6357,27.65,63,0,3.56,PK,1695937638
543,SALE,-38.1,147.0667,14.88,34,39,2.4,AU,1695937638
544,SAN JUAN,18.451,-66.0917,30.99,79,75,5.14,PR,1695937440
545,AL KHARIJAH,25.4514,30.5464,32.02,9,63,4.52,EG,1695937639
546,CALIPATRIA,33.1256,-115.5142,38.27,15,0,1.66,US,1695937639
547,RUNDU,-17.9333,19.7667,20.38,15,5,3.43,NA,1695937640
548,MIDVAGUR,62.0511,-7.1939,11.46,100,100,5.66,FO,1695937640
549,TAMANRASSET,22.785,5.5228,22.95,25,40,2.06,DZ,1695937640
550,AM TIMAN,11.0297,20.2827,22.0,93,58,1.23,TD,1695937641
551,SAN-PEDRO,4.7485,-6.6363,24.8,93,23,2.71,CI,1695937641
552,LAOANG,12.5,125.0167,24.71,97,47,1.16,PH,1695937641
553,SOLNECHNYY,50.7214,136.6319,6.86,88,39,0.53,RU,1695937642
554,KATSUREN-HAEBARU,26.3369,127.8719,27.43,96,40,5.14,JP,1695937642
555,AMOS,48.5669,-78.1162,17.84,62,9,1.21,CA,1695937642
556,KENITRA,34.261,-6.5802,18.42,65,22,0.62,MA,1695937643
557,ZHAOBAOSHAN,29.9695,121.6875,24.01,88,0,1.36,CN,1695937644
558,REVDA,56.801,59.9303,9.43,79,100,2.68,RU,1695937644
559,IERAPETRA,35.01,25.7353,24.52,74,1,1.34,GR,1695937644
560,SINSANG-NI,39.6503,127.4058,14.93,62,100,1.51,KP,1695937645
561,DUM DUMA,27.5667,95.5667,24.55,93,3,0.99,IN,1695937645
